{"cameraMode":{"drawMode":0,"name":"Shaded","section":"Shading Mode"},"sceneLighting":true,"audioPlay":false,"sceneViewState":{"showFog":false,"showMaterialUpdate":false,"showSkybox":false,"showFlares":false,"showImageEffects":false,"showParticleSystems":false},"in2DMode":false,"pivot":{"x":566.4576416015625,"y":10.746025085449219,"z":616.6839599609375},"rotation":{"x":0.322491317987442,"y":0.04883505776524544,"z":-0.016688179224729539,"w":0.9451860189437866},"size":68.15951538085938,"orthographic":false}