{"cameraMode":{"drawMode":0,"name":"Shaded","section":"Shading Mode"},"sceneLighting":true,"audioPlay":false,"sceneViewState":{"showFog":false,"showMaterialUpdate":false,"showSkybox":false,"showFlares":false,"showImageEffects":false,"showParticleSystems":false},"in2DMode":false,"pivot":{"x":595.0496826171875,"y":2.6383538246154787,"z":597.6990356445313},"rotation":{"x":0.322491317987442,"y":0.04883505776524544,"z":-0.016688179224729539,"w":0.9451860189437866},"size":9.342483520507813,"orthographic":false}