{"cameraMode":{"drawMode":0,"name":"Shaded","section":"Shading Mode"},"sceneLighting":true,"audioPlay":false,"sceneViewState":{"showFog":false,"showMaterialUpdate":false,"showSkybox":false,"showFlares":false,"showImageEffects":false,"showParticleSystems":false},"in2DMode":false,"pivot":{"x":594.6596069335938,"y":-19.361976623535158,"z":597.7869873046875},"rotation":{"x":0.49497613310813906,"y":-0.005974099971354008,"z":0.0033897014800459148,"w":0.8689026236534119},"size":120.65036010742188,"orthographic":false}