{"cameraMode":{"drawMode":0,"name":"Shaded","section":"Shading Mode"},"sceneLighting":true,"audioPlay":false,"sceneViewState":{"showFog":false,"showMaterialUpdate":false,"showSkybox":false,"showFlares":false,"showImageEffects":false,"showParticleSystems":false},"in2DMode":false,"pivot":{"x":586.7607421875,"y":-3.779590606689453,"z":601.4374389648438},"rotation":{"x":0.39128416776657107,"y":0.3991042673587799,"z":-0.19369763135910035,"w":0.8063088655471802},"size":25.940658569335939,"orthographic":false}