{"cameraMode":{"drawMode":0,"name":"Shaded","section":"Shading Mode"},"sceneLighting":true,"audioPlay":false,"sceneViewState":{"showFog":false,"showMaterialUpdate":false,"showSkybox":false,"showFlares":false,"showImageEffects":false,"showParticleSystems":false},"in2DMode":false,"pivot":{"x":587.3797607421875,"y":-18.498268127441408,"z":584.654296875},"rotation":{"x":0.322491317987442,"y":0.04883505776524544,"z":-0.016688179224729539,"w":0.9451860189437866},"size":28.830366134643556,"orthographic":false}