{"cameraMode":{"drawMode":0,"name":"Shaded","section":"Shading Mode"},"sceneLighting":true,"audioPlay":false,"sceneViewState":{"showFog":false,"showMaterialUpdate":false,"showSkybox":false,"showFlares":false,"showImageEffects":false,"showParticleSystems":false},"in2DMode":false,"pivot":{"x":585.3592529296875,"y":-7.813576698303223,"z":594.02392578125},"rotation":{"x":0.2863677740097046,"y":-0.4806840419769287,"z":0.16963978111743928,"w":0.8112948536872864},"size":18.50145149230957,"orthographic":false}